image,label
102.jpg,1
108.jpg,1
109.jpg,1
111.jpg,1
121.jpg,1
122.jpg,0
126.jpg,1
127.jpg,1
130.jpg,1
133.jpg,1
134.jpg,1
135.jpg,1
137.jpg,1
139.jpg,0
143.jpg,1
152.jpg,1
153.jpg,1
159.jpg,1
168.jpg,1
173.jpg,0
175.jpg,1
188.jpg,0
204.jpg,1
21.jpg,1
210.jpg,1
216.jpg,1
228.jpg,1
234.jpg,1
235.jpg,1
238.jpg,0
239.jpg,1
24.jpg,1
243.jpg,1
257.jpg,1
264.jpg,1
274.jpg,1
285.jpg,0
291.jpg,0
297.jpg,1
298.jpg,0
299.jpg,0
304.jpg,0
310.jpg,0
316.jpg,1
317.jpg,0
32.jpg,0
320.jpg,1
321.jpg,0
324.jpg,0
326.jpg,0
33.jpg,0
332.jpg,1
335.jpg,0
336.jpg,1
338.jpg,0
350.jpg,0
353.jpg,1
360.jpg,0
368.jpg,1
379.jpg,1
385.jpg,1
387.jpg,0
39.jpg,1
394.jpg,1
398.jpg,1
4.jpg,1
402.jpg,1
418.jpg,1
42.jpg,1
426.jpg,1
432.jpg,1
433.jpg,0
435.jpg,0
440.jpg,1
454.jpg,0
455.jpg,1
457.jpg,1
458.jpg,1
46.jpg,1
466.jpg,1
469.jpg,0
473.jpg,0
475.jpg,1
477.jpg,0
48.jpg,1
480.jpg,1
481.jpg,1
485.jpg,1
49.jpg,1
490.jpg,0
494.jpg,1
5.jpg,1
505.jpg,1
515.jpg,1
520.jpg,0
523.jpg,0
526.jpg,1
532.jpg,1
533.jpg,1
537.jpg,1
544.jpg,0
545.jpg,1
546.jpg,1
554.jpg,1
555.jpg,1
559.jpg,1
566.jpg,0
576.jpg,0
596.jpg,0
602.jpg,0
613.jpg,0
62.jpg,0
620.jpg,1
631.jpg,1
633.jpg,0
634.jpg,1
642.jpg,0
648.jpg,0
65.jpg,1
657.jpg,0
658.jpg,1
660.jpg,1
664.jpg,1
665.jpg,1
67.jpg,1
670.jpg,1
673.jpg,1
689.jpg,1
696.jpg,1
7.jpg,1
707.jpg,1
715.jpg,1
719.jpg,1
72.jpg,1
727.jpg,0
73.jpg,0
731.jpg,1
736.jpg,0
742.jpg,1
744.jpg,1
748.jpg,1
749.jpg,1
754.jpg,1
763.jpg,1
767.jpg,0
768.jpg,1
769.jpg,1
770.jpg,1
785.jpg,1
786.jpg,1
792.jpg,1
799.jpg,1
801.jpg,1
802.jpg,0
808.jpg,0
811.jpg,1
82.jpg,1
824.jpg,1
825.jpg,0
827.jpg,1
829.jpg,1
840.jpg,0
842.jpg,1
851.jpg,1
853.jpg,1
854.jpg,1
860.jpg,1
873.jpg,1
875.jpg,1
881.jpg,1
884.jpg,0
889.jpg,1
890.jpg,0
896.jpg,1
897.jpg,1
899.jpg,1
91.jpg,1
94.jpg,1
95.jpg,1
98.jpg,0
